Tag,Property-Price,Location,BHK,Carpet-Construction-Area,Service_Expiry_Date
1-akshar-complex-dahegma-jan25_3,15.5,G-Dahegam,3.0,980.0,2025-03-18
"1-hitendra-park-society-plot-paldi-aug24,_7",290.0,A-Paldi,3.0,872.0,2024-11-24
1-nateshwar-apartment-paldi-dec24_9,97.0,A-Paldi,4.0,1035.0,2025-06-21
1-shitvan-apartment-maninagar-feb25_12,60.0,A-Maninagar,3.0,1224.0,2025-04-28
10-national-chambers-ashram-road-oct24_25,155.0,A-Ashram Road,3.0,972.0,2025-02-05
10-new-flower-kunj-society-paldi-sep24_26,52.0,A-Paldi,2.0,872.0,2025-03-30
1007-radha-mandir-tower-maninagar-aug24_34,75.0,A-New Maninagar,3.0,1746.0,2025-02-25
104-shankheshwar-estate-changodar-may25_52,44.0,A-Changodar,3.0,1657.0,2025-07-16
105-matrix-divya-bhaskar-sg-higway-feb25_57,47.0,A-SG Highway,3.0,420.0,2025-06-04
108-royal-bunglows-nikol-jan25_60,180.0,A-Nikol,3.0,1980.0,2025-07-31
109-centre-point-gota-rent-dec24_61,24.0,A-Gota,3.0,390.0,2025-03-02
"11-abhishek-row-house-memnagar-jan24,_65",125.0,A-Memnagar,3.0,872.0,2025-05-05
11-narsinh-mehta-khancho-thengavad-raipur-nov24_71,35.0,A-raipur,3.0,872.0,2025-01-07
112-shilp-shrushti-nava-naroda-dec24_79,35.0,A-Nava Naroda,3.0,492.0,2025-03-30
113-114-shilp-arcade-bapunagar-sep24_80,140.0,A-Bapunagar,3.0,949.0,2025-01-06
117-gokuldham-society-nandsad-dec24_83,23.0,S-Varachha,1.0,872.0,2025-02-08
117-smruti-vihar-isanpur-may25_84,70.0,A-Isanpur,1.0,900.0,2025-08-06
12-maniratnam-bunglows-1-vasna-nov24_93,225.0,A-Vasna,3.0,1575.0,2025-05-11
"12-mill-officer-colony-ashram-road-oct24,_94",40.0,A-Ashram Road,3.0,872.0,2025-01-05
12-samarpan-estate-new-ranip-sep24_96,140.0,A-New Ranip,3.0,960.0,2025-03-09
12-shreeji-bunglows-bopal-dec24_98,210.0,A-Bopal,4.0,3150.0,2025-06-25
13-dhanlaxmi-industrial-estate-bakorl-dec24_101,84.0,A-Hathijan,3.0,5256.0,2025-06-15
133-sarju-arena-chandkheda-jan25_114,24.0,A-Chandkheda,3.0,872.0,2025-04-22
1376-1-durga-house-shahibaug-oct24_116,271.0,A-Shahibaug,3.0,872.0,2025-05-05
143-florish-skycity-shela-oct24_125,331.0,A-Shela,4.0,872.0,2025-05-05
16-43-gunwandh-chowk-astodia-oct24_134,65.0,A-Adalaj,3.0,872.0,2025-03-05
17-mahavir-villa-aug24_143,35.0,G-Mahudi,2.0,872.0,2025-03-06
17-stavan-signature-raysan-nov24_146,425.0,G-Raysan,4.0,2403.0,2025-05-14
19-icb-island-gota-jan25_153,122.0,A-Gota,3.0,514.0,2025-07-25
"19-swastik-vivanta-south-bopal-dec24,_154",111.00000000000001,A-South Bopal,3.0,481.0,2025-04-13
193-1-janyapir-no-tekro-vatva-feb25_155,20.0,A-Vatva,3.0,2349.0,2025-08-15
2-empire-tower-navrangpura-nov24_158,109.00000000000001,A-Ellisbridge,2.0,520.0,2025-05-26
2-mahavir-villa-mahudi-aug24_162,25.0,G-Mahudi,3.0,872.0,2025-03-06
2-s-k-house-dec-24-dec24_164,325.0,A-Bodakdev,3.0,872.0,2025-06-13
2-shakti-edific-bopal-sep24_165,130.0,A-Bopal,3.0,1170.0,2025-03-15
2-shivam-complex-navrangpura-dec24_167,155.0,A-Navrangpura,3.0,1000.0,2025-06-14
2-shivpath-apartment-maninagar-feb25_169,60.0,A-Maninagar,2.0,1071.0,2025-04-28
201-210-sahitya-icon-naroda-rent-march25_185,4.5,A-Naroda,3.0,10000.0,2025-07-22
202-santerian-vista-ambawadi-jan25_194,165.0,A-Ambawadi,3.0,1200.0,2025-07-13
21-bellevue-vieraa-phase-2-bavla-feb25_214,22.0,A-Bavla,2.0,702.0,2025-04-08
21-rameshwar-bunglows-11-kasindra-dec24_216,120.0,A-Kasindra,3.0,872.0,2025-06-14
21-sankalp-ind.-estate-nana-chiloda-nov24_217,48.0,A-nana Childoa,3.0,872.0,2025-03-15
210-shyamak-complex-ambawadi-jan25_218,121.0,A-Ambawadi,3.0,1384.0,2025-07-13
22-coral-bunglows-nana-chiloda-de24_221,200.0,A-nana Childoa,5.0,872.0,2025-04-20
22-rangwala-tower-ellisbridge-nov24_223,120.0,A-Ellisbridge,3.0,1350.0,2025-05-26
229-iscon-empria-satellite-rent-dec24_227,1.0,A-Satellite,3.0,872.0,2025-03-03
23-89-government-e-colony-bapunagar-dec24_229,90.0,A-Bapunagar,3.0,1620.0,2025-06-27
23-mahavir-villa-mahudi-aug24_231,25.0,G-Mahudi,3.0,872.0,2025-03-06
23-maulik-apartment-paldi-rent-oct24_232,18.0,A-Paldi,2.0,872.0,2024-12-15
256-surtharvas-asarwa-sept24_241,68.0,A-Shahibaug,4.0,1215.0,2025-03-23
26-sarvopari-mall-bhuyangdev-feb25_242,100.0,A-Ambawadi,3.0,390.0,2025-06-03
26-tirupati-ind-estate-narol-dec24_243,48.0,A-narol,3.0,872.0,2025-06-09
r-27-krishna-park-part-1-ramol-jan24_244,25.0,A-Ramol,1.0,790.0,2025-03-08
271-manekbaug-society-amabwadi-oct24_248,550.0,A-Ambawadi,5.0,872.0,2025-05-05
278-sutharwas-asarwa-jan25_250,75.0,A-Shahibaug,4.0,1647.0,2025-07-22
"29-dev-darshan-tenament-bopal-nov24,_257",95.0,A-Bopal,2.0,1503.0,2025-03-14
3-adhisthan-bunglows-naroda-dec24_261,200.0,A-Naroda,5.0,872.0,2025-04-30
3-durwani-society-vejalpur-sep24_262,459.99999999999994,A-Vejalpur,5.0,3825.0,2025-03-20
3-h-9-balaji-aghora-residency-chandkheda-dec24_263,82.0,A-Chandkheda,3.0,2880.0,2025-06-02
3-samta-society-subhashbridge-rent-oct24_266,10.0,A-Subhash Bridge,2.0,872.0,2024-12-17
3-shyam-vatika-jolva-jun25_270,40.0,S-Jolva,3.0,250.0,2025-08-12
3-takshashila-eco-green-vastral-april25_273,38.0,A-Vastral,2.0,756.0,2025-06-17
3-vallabh-villa-new-vip-road-oct24_274,90.0,B-New VIP Road,4.0,872.0,2025-05-05
3-2-6-silver-nest-ambawadi-oct24_277,70.0,A-Ambawadi,2.0,630.0,2025-05-05
30-niharika-bunglows-ambawadi-march25_281,310.0,A-Ambawadi,4.0,1755.0,2025-05-29
30-safalam-greens-kasindra-jan25_282,70.0,A-Kasindra,2.0,756.0,2025-07-24
302-shrushri-riddhi-apartment-vejalpur-feb25_293,23.0,A-Vejalpur,1.0,558.0,2025-04-06
304-305-306-ganesh-plaza--paldi-dec24_301,22.0,A-Paldi,3.0,220.0,2025-06-10
"315-kayakalp-complex-naroda-sep24,_323",42.0,A-Naroda,3.0,550.0,2024-12-20
33-34-shiv-industrical-park-changodar-jan24_324,130.0,A-Changodar,3.0,81000.0,2025-07-07
331-taranga-hill-society-nirnaynagar-dec24_327,65.0,A-Nirnaynagar,5.0,872.0,2025-06-22
347-krupal-pathshala-ashram-raod-sep24_333,35.5,A-Ashram Road,3.0,322.0,2025-01-14
35-janakpuri-society-ghodasar-oct24_334,77.0,A-Ghodasar,1.0,900.0,2025-05-05
35-rameshwar-bunglows-11-kasindra-march25_335,110.00000000000001,A-Kasindra,3.0,1359.0,2025-07-29
36-neminath-society-nehrunagar-may25_337,15.0,A-Nehru Nagar Ambawadi,2.0,1350.0,2025-07-05
36-siddhi-vinayak-greens-kasindra-dec24_340,138.0,A-Kasindra,2.0,872.0,2025-02-19
376-1-9-duplex-market-naroda-dec24_344,35.0,A-Naroda,3.0,155.0,2025-04-13
39-shivam-industrial-estate-dec24_346,48.0,A-Changodar,3.0,872.0,2025-04-19
4-chandrabhaga-society-nava-vadaj-nov24_351,550.0,A-Nava Vadaj,4.0,872.0,2025-05-23
4-samruddham-nest-chandkheda-dec24_354,170.0,A-Chandkheda,4.0,2520.0,2025-04-19
4-shyamkrupa-society-bopal-feb25_357,155.0,A-Bopal,3.0,1620.0,2025-08-14
4-skywalk-mangalam-chandkheda-sep24_358,90.0,A-Chandkheda,3.0,354.0,2024-11-23
4-vatrika-villa-dahegam-jan25_362,150.0,G-Dahegam,4.0,1386.0,2025-07-13
40-kedaram-villa-vatva-dec24_364,101.0,A-Vatva,3.0,872.0,2025-06-18
40-shyam-kutir-56-naroda-oct24_368,409.99999999999994,A-Naroda,4.0,872.0,2025-04-08
402-panchratna-apartment-sarkhej-may25_377,16.0,A-Sarkhej,2.0,872.0,2025-08-02
402-shail's-mall-navrangpura-sep24_379,155.0,A-Navrangpura,3.0,1089.0,2025-03-11
402-shatak-residency-usmanpura-nov24_380,120.0,A-Usmanpura,3.0,1107.0,2025-06-02
41-ekta-tower-vasna-jan25_392,45.0,A-Vasna,2.0,765.0,2025-05-19
46-2-jeet-66-society-mota-chiloda-oct24_402,87.0,G-Mota Chiloda,3.0,945.0,2025-01-05
46-rameshwar-bunglows-rent-kasindra-nov24_404,20.0,A-Kasindra,4.0,872.0,2025-01-12
5-ff-sidhdhivinayak-flat-bopal-oct24_411,27.51,A-Bopal,1.0,585.0,2025-01-05
5-shalin-heights-vinzol-sept24_414,43.0,A-Hathijan,2.0,756.0,2025-03-29
5-4-carolina-society-ghuma-march25_417,150.0,A-Ghuma,4.0,1521.0,2025-05-16
"50-deep-bungalows-singarva-oct24,_419",130.0,A-Odhav,4.0,972.0,2025-05-05
506-507-krish-elite-nikol-nov24_431,42.0,A-Nikol,3.0,500.0,2025-01-20
51-sai-homes-kasindra-nov24_435,60.0,A-Kasindra,2.0,837.0,2025-03-29
51-umang-homes-row-house-naroda-jun25_436,17.0,A-Naroda,2.0,882.0,2025-08-07
52-anjana-park-society-bapunagar-aug24_439,54.0,A-Bapunagar,2.0,1080.0,2025-01-04
545-money-plant-high-street-gota-sep24_443,110.00000000000001,A-Gota,3.0,1212.0,2025-03-06
55-prakruti-homes-shela-feb25_444,275.0,A-Shela,3.0,2025.0,2025-08-12
57-ranchodray-nagar-part-3-chandlodia-feb25_448,28.0,A-Chandlodia,4.0,1350.0,2025-08-14
58-svayam-villa-hathijan-feb25_451,80.0,A-Hathijan,2.0,1440.0,2025-06-14
6-rykon-navrangpura-jan25_462,88.83,A-Navrangpura,3.0,274.0,2025-07-28
601-602-star-empire-nava-naroda-dec24_469,152.0,A-Nava Naroda,3.0,1685.0,2025-06-29
608-609-leelamani-heritage-height-nava-vadaj-dec24_475,229.0,A-Nava Vadaj,3.0,872.0,2025-06-25
64-florish-sky-city-shela-oct24_480,375.0,A-Shela,5.0,872.0,2025-05-05
646-b-krupal-pathshala-sep24_481,36.0,A-Ashram Road,3.0,322.0,2025-01-14
675-2-sector-3-c-tenament-sector-3-feb25_483,160.0,G-Sector 6B,3.0,1620.0,2025-07-13
69-mayur-park-society-nikol-oct24_486,171.0,A-Nikol,3.0,872.0,2025-05-05
7-shree-krishna-apartment-isanpur-feb25_493,26.0,A-Isanpur,1.0,872.0,2025-04-26
"7-simit-apartment-ambawadi-dec24,_494",58.0,A-Ambawadi,2.0,990.0,2025-06-02
7-sparsh-co-opp-housing-society-vadsar-nov24_495,260.0,B-Vadsar,4.0,872.0,2025-05-10
701-akshar-elite-ghuma-april25_497,44.0,A-Ghuma,2.0,806.0,2025-07-29
701-rajshree-samvar-2-navrangpura-jan25_499,229.99999999999997,A-Navrangpura,4.0,1845.0,2025-07-17
705-the-capital-2-science-city-aug24_505,29.0,A-Science City,3.0,526.0,2024-11-30
711-noble-trade-centre-bhuyangdev-aug24_509,140.0,A-Sola,3.0,1280.0,2025-02-24
77-sarvoday-nagar-part-3-ghatlodia-dec24_514,114.99999999999999,A-Ghatlodia,4.0,1575.0,2025-06-29
"770-5336-gujarat-housing-board-bapunagar-dec24,_515",30.0,A-Bapunagar,2.0,872.0,2025-02-05
8-ghanshyam-park-vasna-march25_519,35.0,A-Vasna,3.0,1404.0,2025-05-05
8-kaveri-soham-shilaj-nov24_522,27.0,A-Shilaj,3.0,357.0,2025-02-17
8-maple-bunglows-3-lambha-jan25_524,63.0,A-Lambha,3.0,1791.0,2025-07-22
8-parag-society-paldi-oct24_526,500.0,A-Paldi,4.0,872.0,2025-04-05
80-shreenathji-park-singarva-aug24_531,60.0,A-Vastral,1.0,872.0,2024-12-28
"803-akshat-complex-rent-sg-highway-jan24,_535",90.0,A-SG Highway,3.0,872.0,2025-05-06
86-navkar-greens-bagodara-jan25_541,8.0,A-Bavla,3.0,872.0,2025-03-13
"87-rameshwar-villa-palsana-nov24,_542",30.0,S-Palsana,2.0,872.0,2025-01-30
897-chandrabhaga-society-nava-vadaj-au24_545,60.0,A-Nava Vadaj,2.0,1404.0,2025-01-02
9-10-nand-kutir-complex-paldi-dec24_547,77.0,A-Paldi,3.0,650.0,2025-04-13
9-10-rosedale-vatika-1-atladra-march25_548,105.0,B-Atladara,3.0,1300.0,2025-08-05
9-aryavrat-2-satellite-feb25_549,1000.0,A-Satellite,5.0,4500.0,2025-08-10
"9-safalam-villa-kasinadra-sep24,_552",18.0,A-Kasindra,3.0,1026.0,2024-11-09
9-shree-hari-vila-bunglows-dehgam-aug24_557,40.0,G-Dahegam,3.0,872.0,2024-12-28
9-radhe-industrial-naroda-may25_559,225.0,A-Naroda,3.0,5517.0,2025-07-22
90-madhav-industrial-hub-bareja-april25_560,49.0,A-Odhav,3.0,872.0,2025-08-06
95-101-green-homes--sanand-nov24_565,65.0,A-Sanand,3.0,872.0,2025-05-28
a-310-kusal-awas-vatva-dec24`_575,15.0,A-Vatva,1.0,540.0,2025-04-01
a-1-704-shreemad-elegance-nikol-feb25_582,47.0,A-Nikol,2.0,1233.0,2025-06-10
a-1-chanchalba-apartment-maninagar-may25_585,38.0,A-Isanpur,3.0,756.0,2025-07-23
a-1-siddhi-bunglows-kasindra-dec24_588,90.0,A-Kasindra,3.0,872.0,2025-06-06
a-1-vama-apex-surat-sep24_590,85.0,S-Althan,3.0,1161.0,2025-03-07
a-1001-neelkanth-elegance-satellite-nov24_593,59.0,A-Satellite,2.0,900.0,2025-03-17
a-1004-dev-perestine-motera-feb25_597,200.0,A-Motera,3.0,2025.0,2025-06-06
a-102-kaveri-trisara-shilaj-dec24_605,65.0,A-Shilaj,2.0,872.0,2025-06-20
a-103-shreenathji-avenue-nana-chiloda-dec24_611,40.0,A-nana Childoa,2.0,756.0,2025-05-17
a-103-gokulbaug-flat-kudasan-jan25_612,80.0,G-Kudasan,3.0,1404.0,2025-07-12
a-103-himalaya-greens-naroda-feb25_613,40.0,A-Naroda,2.0,706.0,2025-04-23
a-103-shyam-residency-science-city-oct24_617,140.0,A-Science City,3.0,1440.0,2025-04-07
a-104-shalin-square-vinzol-march25_623,100.0,A-Vinzol,3.0,427.0,2025-07-12
a-11-poonam-parina-vasna-jun25_627,45.0,A-Vasna,2.0,891.0,2025-08-08
a-110-the-landmark-rent-kudasan-oct-24_628,1.25,G-Kudasan,3.0,1320.0,2025-03-05
a-1202-samay-steller-koba-oct24_637,175.0,G-Koba,4.0,2079.0,2025-04-06
"a-128-nilkanth-arcade-surat-aug24,_640",11.0,B-Sayajigunj,3.0,81.0,2024-12-30
a-13-tirthnagar-society-dec24_641,65.0,A-Amraiwadi,3.0,1440.0,2025-06-08
a-16-maruti-owners-shahibaug-dec24_655,350.0,A-Shahibaug,3.0,2547.0,2025-06-01
"a-2-purshottam-bunglows-thaltej-oct24,_663",500.0,A-Thaltej,5.0,872.0,2025-04-05
a-201-shalvin-heights-vastral-april25_671,55.0,A-Vastral,3.0,1035.0,2025-06-11
a-203-kb-royal-altezza-chandkheda-sept24_679,53.0,A-Chandkheda,2.0,927.0,2025-01-26
a-204-santoor-grace-sargasan-sep24_689,60.0,G-Sargasan,2.0,810.0,2025-01-23
a-24-sthapatya-shreem-bunglows-sevasi-feb25_695,150.0,B-Sevasi,4.0,2250.0,2025-08-19
a-28-vallabh-city-viramgam-jan25_697,70.0,A-Sanand,3.0,872.0,2025-07-03
a-301-ashirwad-residency-paldi-may25_704,134.0,A-Paldi,3.0,1350.0,2025-07-23
a-301-shilp-saral-bopal-may25_710,76.0,A-Bopal,3.0,1107.0,2025-07-23
a-302-panjari-residency-nava-naroda-jul25_716,38.0,A-Nava Naroda,2.0,828.0,2025-07-21
a-302-saral-arise-pethapur-dec24_717,60.0,G-Pethapur,3.0,927.0,2025-04-01
a-304-dharmavatika-hathijan-may25_729,48.0,A-Hathijan,3.0,1044.0,2025-07-07
a-315-world-trade-tower-sg-highway-rent-nov24_738,20.0,A-SG Highway,3.0,370.0,2025-01-22
a-33-umed-park-society-gate-3-ghatlodia-oct24_741,261.0,A-Ghatlodia,1.0,872.0,2025-04-13
a-4-shalin-squre-vinzol-march25_753,115.99999999999999,A-Vinzol,3.0,427.0,2025-07-12
"a-402-balleshwar-vihar-bopal-dec24,_761",86.0,A-Bopal,3.0,1800.0,2025-06-22
a-403-darsh-pavitram-koba-sep24_765,56.0,G-Koba,2.0,711.0,2025-01-21
a-404-home-town-new-ranip-nov24_769,53.0,A-New Ranip,2.0,1080.0,2025-03-25
a-404-star-world-residency-surat-oct24_773,50.0,S-Pal,2.0,762.0,2025-03-05
a-46-panchgini-greens-changodar-jan25_778,58.0,A-Changodar,3.0,1035.0,2025-07-05
a-5-karmachari-nagar-part-2-ghatlodia-jan25_780,455.99999999999994,A-Ghatlodia,5.0,4320.0,2025-08-12
a-501-bansari-green-city-sector-26-dec24_784,75.0,G-Sector 26,2.0,819.0,2025-06-15
a-502-mahavir-hills-koba-feb25_791,51.0,G-Koba,2.0,837.0,2025-04-22
a-504-devkrupa-avenue-vatva-jan25_799,60.0,A-Vatva,3.0,872.0,2025-07-24
a-55-satej-homes-vatva-may25_807,17.0,A-Vatva,2.0,450.0,2025-07-12
a-601-skyway-elegance-nava-naroda-march25_814,70.0,A-Nava Naroda,3.0,872.0,2025-07-21
a-601-upavan-avenue-vaishnodevi-feb25_816,45.0,A-Vaishnodevi,2.0,872.0,2025-06-15
a-603-bhadralok-apartment-old-padra-sept24_820,75.0,B-Old Padra Road,3.0,2080.0,2025-03-14
a-604-vrundavan-residency-hathijan-feb25_823,34.0,A-Hathijan,2.0,610.0,2025-06-03
a-605-star-heights-odhav-nov24_824,19.0,A-Odhav,1.0,459.0,2025-01-23
a-701-kaivalyadham-2-satellite-feb25_830,90.0,A-Satellite,3.0,1566.0,2025-06-22
a-705-star-heights-nikol-nov24_843,120.0,A-Nikol,3.0,1710.0,2025-05-10
a-801-swarnim-squre-gota-dec24_849,75.0,A-Chharodi,3.0,999.0,2025-02-03
a-904-silver-harmony-gota-sept24_864,150.0,A-Gota,4.0,1665.0,2025-03-09
ag-3-serenity-meadows-sanand-aug24_873,46.5,A-Sanand,3.0,872.0,2025-03-16
321-arian-legacy-adalaj-oct24_876,72.0,A-Adalaj,3.0,821.0,2025-05-05
b-1-17-vrundavan-row-house-jan25_879,39.0,A-Changodar,2.0,1350.0,2025-03-09
b-1-1701-green-glades-godrej-garden-city-gota-dec24_880,89.0,A-Gota,3.0,900.0,2025-06-29
b-1001-kedar-tower-shahibaug-jan25_892,135.0,A-Shahibaug,5.0,1431.0,2025-07-25
b-1005-kalash-parisar-and-plaza-naroda-oct24_899,42.0,A-Naroda,2.0,570.0,2025-02-04
b-102-dharmlake-residency-hathijan-april25_909,60.0,A-Hathijan,3.0,1620.0,2025-06-07
b-103-bhavnath-society-ghatlodia-feb25_914,110.00000000000001,A-Ghatlodia,4.0,1800.0,2025-08-08
b-11-sanidhya-homes-south-bopal-nov24_922,250.0,A-South Bopal,3.0,1422.0,2025-05-30
"b-110-the-landmark-kudasan-oct24,_924",110.00000000000001,G-Kudasan,3.0,551.0,2025-05-05
b-1101-swastik-skylark-gota-feb25_926,114.99999999999999,A-Gota,3.0,972.0,2025-04-26
b-1102-vandematram-fabula-gota-oct24_927,9000000.0,A-Gota,3.0,1170.0,2025-05-05
b-12-dhumketu-bunglows-kankariya-oct24_932,385.0,A-kankaria,5.0,872.0,2025-05-05
b-1201-status-elysium-gota-sep24_937,90.0,A-Gota,2.0,720.0,2025-02-15
b-121-radience-residency-motera-dec24_943,125.0,A-Motera,3.0,1581.0,2025-06-07
b-201-uma-sharnam-gota--oct24_978,68.0,A-Gota,3.0,1296.0,2025-03-03
b-2930-krishna-gokul-co-opp.-housing-society-part-2-naroda-dec24_1006,225.0,A-Naroda,3.0,872.0,2025-06-13
b-3-geeta-apartment-ambawadi-feb25_1010,7000.0,A-Ambawadi,2.0,630.0,2025-06-23
b-3-surbhi-park-society-isanpur-nov24_1012,90.0,A-Isanpur,2.0,872.0,2025-05-16
b-301-samvaad-sonnet-vaishnodevi-aug24_1014,67.0,A-Vaishnodevi,3.0,954.0,2025-03-04
b-304-ashwamegh-pearl-maninagar-west-dec24_1024,114.99999999999999,A-maninagar West,3.0,1044.0,2025-06-09
b-305-ganesh-icon-vaishnodevi-nov24_1026,57.0,A-Vaishnodevi,2.0,774.0,2025-03-16
b-31-32-celebration-city-centre-bopal-nov24_1030,127.0,A-Bopal,3.0,872.0,2025-05-14
b-311-312-signature-2-sarkhej-oct24_1031,105.0,A-Sarkhej,3.0,872.0,2025-05-05
b-4-maha-gujarat-society-naranpura-oct24_1036,350.0,A-Naranpura,3.0,1530.0,2025-04-04
b-401-sangath-silver-motara-sept24_1039,120.0,A-Motera,3.0,1398.0,2025-03-29
b-402-krishna-grace-thaltej-jan25_1044,35.0,A-Thaltej,3.0,872.0,2025-05-08
b-402-veer-vishwa-mahemdabad-feb25_1047,31.0,A-Adalaj,2.0,648.0,2025-05-01
b-403-marry-gold-avenue-2-madhapar-march25_1050,25.0,A-Adalaj,2.0,667.0,2025-07-12
b-403-shubhlaxmi-avenue-chandkheda-nov24_1053,68.0,A-Chandkheda,3.0,1017.0,2025-05-23
b-405-gulmahor-nirvana-ghuma-sep24_1059,30.0,A-Ghuma,1.0,500.0,2024-11-06
b-425-pltinum-plaza-bodakdev-dec24_1066,285.0,A-Bodakdev,3.0,2435.0,2025-06-17
b-5-302-pushkar-residency-jashodanagar-sep24_1073,40.0,A-Vatva,2.0,735.0,2024-11-23
b-504-dev-ashish-pride-&-plaza-naroda-oct24_1096,54.0,A-Naroda,2.0,711.0,2025-04-13
b-516-om-shanti-raj-nivas-vatva-march25_1106,17.0,A-Vatva,1.0,522.0,2025-05-16
b-601-serenity-satyam-south-bopal-oct24_1114,80.0,A-South Bopal,3.0,965.0,2025-02-05
b-602-om-shanti-gold-plus-narol-jul25_1116,25.0,A-Vaishnodevi,3.0,561.0,2025-07-20
b-602-setu-scarlet-chandkeda-nov24_1117,151.0,A-Chandkheda,3.0,1462.0,2025-05-27
b-603-yash-pinnacale-paldi-jan25_1120,67.0,A-Paldi,2.0,747.0,2025-07-05
b-604-magnate-lifestyle-vaishnodevi-circle-oct24_1123,74.0,A-Vaishnodevi,3.0,872.0,2025-05-05
b-604-sp-nirvana-south-bopal-jan25_1125,68.0,A-South Bopal,3.0,1020.0,2025-07-31
b-7-gopalnagar-chandkheda-jan25_1130,192.0,A-Chandkheda,5.0,2871.0,2025-08-05
b-704-tulshi-highs-vaishnodevi-sep24_1138,25.0,A-Vaishnodevi,3.0,872.0,2024-11-04
b-802-rudraksh-residency-kosamdi-oct24_1143,45.0,A-Adalaj,3.0,1080.0,2025-04-06
b-803-rudraksh-residency-kosamdi-oct24_1147,45.0,A-Adalaj,3.0,1080.0,2025-04-06
b-803-swati-crimson-2-satellite-march25_1149,276.0,A-Satellite,4.0,2424.0,2025-05-15
b-901-orchid-divine-south-bopal-dec24_1155,80.0,A-South Bopal,3.0,778.0,2025-06-01
b-902-atlantis-north-gota-march25_1158,91.0,A-Gota,3.0,1143.0,2025-05-17
b-903-orchid-pride-south-bopal-oct24_1159,74.0,A-South Bopal,3.0,792.0,2025-05-05
b-904-maple-parmeswer-chandkheda-nov24_1164,98.0,A-Chandkheda,3.0,1215.0,2025-05-11
b-93-shagun-complex-swatik-society-navrangpura-oct24_1167,150.0,A-Navrangpura,3.0,2850.0,2025-05-05
b-94-prernavirajtower-satellite-sell-aug24_1168,80.0,A-Satellite,3.0,918.0,2024-12-16
24-2-bina-park-ghatlodia-dec24_1172,135.0,A-Ghatlodia,2.0,720.0,2025-06-03
bunglows-145-3a-radha-vallabh-colony-maninagar-oct24_1174,350.0,A-Maninagar,5.0,3330.0,2025-03-05
2-jeet-city-mota-chiiloda-sep24_1175,135.0,G-Mota Chiloda,3.0,1476.0,2025-03-07
bunglows-5&6-shubhangan-bunglows-kalol-sept24_1176,311.0,G-kalol,5.0,872.0,2025-03-29
c-103-aditya-oriana-gota-jan24_1194,22.0,A-Gota,3.0,1080.0,2025-04-04
"c-103-sukh-sahita-heights-nava-naroda-oct24,_1196",60.5,A-Nava Naroda,2.0,810.0,2025-03-05
c-1051-trp-mall-bopal-sept24_1203,175.0,A-Bopal,3.0,503.0,2025-03-13
c-14-the-arvind-megha-trade-naroda-feb25_1218,30.0,A-Naroda,3.0,221.0,2025-06-24
c-16-krishna-bhavan-kashmora-society-paldi-oct24_1220,1200.0,A-Paldi,3.0,872.0,2025-05-05
c-16-kuber-ratna-dabhoi-march25_1221,31.0,B-Dabhoi Road,3.0,1039.0,2025-05-12
c-17-purn-purushotam-society-1-ranip-march25_1222,130.0,A-Ranip,4.0,1620.0,2025-05-21
c-1901-sky-ville-apartment-shela-jan24_1223,215.0,A-Shela,3.0,872.0,2025-07-03
c-2-1801-riviera-woods-sky-city-shela-jan25_1226,672.0,A-Shela,5.0,4953.0,2025-07-19
c-2-204-rudra-arambh-changodar-oct24_1227,23.0,A-Changodar,1.0,872.0,2025-04-09
"c-201-shree-narayan-lotus-chandkheda-nov24,_1236",38.0,A-Chandkheda,2.0,648.0,2025-04-02
c-204-shukan-apartment-gota-oct24_1242,88.0,A-Gota,3.0,1026.0,2025-05-05
"c-25-ankur-society-naroda-sep24,_1247",52.0,A-Naroda,3.0,1350.0,2024-11-15
c-301-keshav-galaxy-nikol-aug24_1251,65.0,A-Nikol,3.0,1008.0,2024-12-31
c-302-arjun-homes-naranpura-rent-feb25_1254,20.0,A-Naranpura,2.0,900.0,2025-05-10
"c-302-ayodhya-society-2-vatva-aug24,_1255",21.0,A-Vatva,2.0,585.0,2024-10-25
c-303-sarvopari-elegance-new-ranip-dec24_1259,86.0,A-New Ranip,3.0,1035.0,2025-06-16
c-304-luxuria-apartment-bhadaj-jan25_1262,40.0,A-Bhadaj,3.0,872.0,2025-04-24
c-325-siddharth-excelence-vasna-road-feb25_1266,47.0,B-Vasna Road,3.0,429.0,2025-04-07
"c-4-1603-waterlily-oct24,_1271",475.0,A-Vaishnodevi,5.0,4000.0,2025-05-05
c-401-swati-chrysantha-shela-nov24_1274,72.0,A-Shela,3.0,790.0,2025-05-27
c-44-403-swaminarayan-park-naroda-feb25_1285,25.0,A-Nava Naroda,2.0,684.0,2025-04-06
c-5-123-orchid-harmony-shela-oct24_1287,140.0,A-Shela,4.0,1543.0,2025-04-04
c-5-prarambh-smart-city-bavla-may25_1288,65.0,A-Bavla,1.0,720.0,2025-08-12
c-501-somya-residency-sarkhej-sept24_1292,42.0,A-Sarkhej,2.0,567.0,2025-01-08
c-502-om-avenue-sanand-feb25_1295,37.0,A-Sanand,2.0,630.0,2025-04-08
c-503-ved-greens-dahegam-feb25_1301,114.99999999999999,G-Dahegam,4.0,1395.0,2025-07-01
c-603-pramukh-arise-sargasan-march25_1316,56.0,G-Sargasan,2.0,872.0,2025-05-12
c-605-span-valencia-nikol-oct24_1320,65.0,A-Nikol,2.0,1026.0,2025-03-05
"c-7-punitnagar-society-ghodasar-dec24,_1322",32.0,A-Ghodasar,1.0,405.0,2025-02-18
c-704-vandemataram-fabula-gota-sept24_1328,80.0,A-Gota,3.0,630.0,2025-01-27
"c-801-krupal-bachpan-shela-dec24,_1330",70.0,A-Shela,3.0,882.0,2025-04-02
c-801-vivaan-eminance-zundal-sep24_1331,66.0,A-Zundal,3.0,936.0,2024-11-17
c-902-kaveri-soham-vistara-shilaj-march25_1337,105.0,A-Shilaj,3.0,1007.0,2025-05-17
c-904-shri-vishnudhara-garden-gota-feb25_1340,135.0,A-Devnagar Gota,3.0,872.0,2025-05-15
c-904-vinayak-heights-soma-talav-sep24_1341,40.0,B-Soma Talav,3.0,950.0,2024-11-22
d-103-maruti-celedron-aug24_1352,225.0,A-SG Highway,4.0,1663.0,2025-01-06
d-104-kaveri-soham-bopal-nov24_1356,80.0,A-Bopal,3.0,990.0,2025-05-14
d-2001-praharsh-blubell-shela-oct24_1372,98.0,A-Shela,3.0,1166.0,2025-02-07
d-202-balaji-windpark-sg-highway-oct24_1375,270.0,A-Nirma University SG Highway,5.0,3510.0,2025-03-03
d-36-suryam-hope-town-chandkheda-feb25_1387,21.0,A-Chandkheda,3.0,872.0,2025-04-07
d-38-kavisha-duplex-chandkheda-oct24_1388,200.0,A-Chandkheda,3.0,1620.0,2025-05-05
d-402-vishwa-residency-memnagar-dec24_1394,85.0,A-Memnagar,2.0,855.0,2025-06-16
"d-5-12-fortune-roto-amraiwadi-sep24,_1397",285.0,A-Amraiwadi,3.0,872.0,2025-01-22
d-601-umang-apartment-vatva-oct24_1411,15.0,A-Vatva,1.0,380.0,2025-01-05
d-602-kesar-samrudham-vaishnodevi-aug24_1413,56.0,A-Vaishnodevi,2.0,594.0,2024-12-24
"d-95-radhey-bunglows-part-2-maninagar-east-dec24,_1428",87.0,A-Maninagar East,2.0,558.0,2025-04-13
d-96-pushkar-industrial-lambha-may25_1429,32.0,A-Lambha,3.0,3114.0,2025-07-30
deval-hospital-naroda-dec24_1431,250.0,A-Naroda,3.0,1332.0,2025-06-06
e-1001-zaveri-greens-south-bopal-jan25_1435,53.0,A-South Bopal,2.0,872.0,2025-05-07
e-15-mahalaxmi-raw-house-ghuma-oct24_1443,95.0,A-Ghuma,3.0,872.0,2025-05-05
e-201-satatya-avenue-new-ranip-oct24_1446,31.0,A-New Ranip,1.0,612.0,2024-12-05
e-301-aakruti-elegance-gota-feb25_1452,85.0,A-Gota,3.0,1026.0,2025-08-06
e-305-vanadematram-city-gota-sep24_1457,20.0,A-Gota,3.0,872.0,2024-11-04
e-311-river-side-park-feb25_1458,30.0,A-Vasna,1.0,576.0,2025-03-19
e-404-shree-rang-oasis-randesan-sep24_1463,75.0,G-Randesan,3.0,1332.0,2025-01-21
e-701-sai-green-valley-2-ghuma-oct24_1474,47.0,A-Ghuma,2.0,872.0,2025-01-05
f-102-polaris-elina-randheja-nov_1490,65.0,G-Randheja,3.0,819.0,2025-03-16
f-11-f-12-shyam-sukan-april25_1491,137.0,G-Raysan,3.0,880.0,2025-08-09
f-1203-shivalik-sharda--harmony-ambawadi-feb25_1496,311.0,A-Ambawadi,4.0,872.0,2025-04-19
f-212-sumel-7-bapunagar-jan25_1507,25.0,A-Bapunagar,3.0,282.0,2025-03-22
f-402-royal-lake-view-nana-chiloda-nov24_1520,52.0,A-nana Childoa,2.0,1017.0,2025-03-15
f-703-jay-residency-vastral-may25_1531,25.0,A-Vastral,1.0,387.0,2025-07-09
"f-801-sarvesh-apartment-ranip-cot24,_1535",50.0,A-Ranip,3.0,872.0,2025-03-05
ff-10-siddhanath-platinum-waghodia-road-feb25_1543,55.0,B-Waghodia Road,3.0,200.0,2025-04-10
ff-154-pramukh-anand-orbit-mall-kudasan-oct24_1545,100.0,G-Kudasan,3.0,432.0,2025-05-05
ff-155-pramukh-anand-orbit-mall-kudasan-oct24_1546,100.0,G-Kudasan,3.0,433.0,2025-05-05
ff-18-sargam-complex-ankleshwar-oct24_1549,36.0,A-Adalaj,3.0,872.0,2025-04-06
g-1-1704-the-meadows-vaishnodevi-feb25_1554,187.0,A-Vaishnodevi,3.0,1428.0,2025-06-03
g-12-bhavna-apartment-vasna-oct24_1558,60.0,A-Vasna,2.0,756.0,2025-01-05
g-204-river-side-park-phase-2-vasna-jan25_1562,48.0,A-Vasna,2.0,801.0,2025-05-20
g-204-siddharth-enclave-harni-feb25_1563,40.0,B-Harni,3.0,800.0,2025-06-21
g-4-sg-business-hub-sg-highway-oct24_1570,103.0,A-SG Highway,3.0,872.0,2025-04-13
gf-34-siddheshwar-the-business-harbour-oct24_1593,34.0,B-Dabhoi Road,3.0,262.0,2024-12-09
gf-4-mahavir-apartment-vasna-jan25_1594,50.0,A-Vasna,3.0,1260.0,2025-07-03
gf-5-balaji-centre-gurukul-sept24_1596,275.0,A-Gurukul,3.0,630.0,2025-03-27
gf-64-pramukh-anand-orbit-mall-kudasan-oct24_1599,215.0,G-Kudasan,3.0,560.0,2025-05-05
gf-65-pramukh-anand-orbit-mall-kudasan-oct24_1600,225.99999999999997,G-Kudasan,3.0,566.0,2025-05-05
"h-1-702-ashrya-10-apartment-new-ranip-oct24,_1606",62.5,A-New Ranip,3.0,747.0,2025-01-05
h-10-sg-business-hub-sg-highway-oct24_1607,112.00000000000001,A-SG Highway,3.0,872.0,2025-04-13
h-103-anavya-parmmeshwar-aug24_1609,95.0,A-Adalaj,3.0,1359.0,2024-12-25
h-11-new-madhupura-market-shahibaug-nov24_1610,295.0,A-Shahibaug,3.0,872.0,2025-05-17
h-302-radhey-skyline-apartment-sanand-april25_1618,56.0,A-Sanand,3.0,1166.0,2025-07-18
h-501-radhe-skyline-sanand-feb25_1629,73.0,A-Sanand,3.0,940.0,2025-06-22
harsh-irrigation-pvt-ltd-dec24_1636,500.0,A-narol,3.0,872.0,2025-06-25
i-109-parivar-homes-gota-april25_1641,80.51,A-Gota,1.0,405.0,2025-08-14
j-201-parshwanath-atlantis-park-sughad-feb25_1659,28.5,A-Sughad,1.0,872.0,2025-04-26
j-408-om-shanti-gold-plus-narol-oct24_1667,32.0,A-narol,3.0,675.0,2025-01-05
k-14-shantinath-apartment-vejalpur-nov24_1677,31.5,A-Vejalpur,1.0,872.0,2025-01-21
kanjibhai-estate-16-vatva-sep24_1684,315.0,A-Vatva,3.0,872.0,2025-04-06
kohinoor-paints-godown-naroda-nov24_1685,32.0,A-Naroda,3.0,872.0,2025-01-10
m-1-104-shree-thakornath-residency-dahegam-oct24_1693,16.5,G-Dahegam,2.0,570.0,2024-12-04
m1-401-shree-thakornath-residency-dahegam-sept24_1703,14.0,G-Dahegam,2.0,570.0,2024-11-13
703-meera-skyvue-raysan-gandhinagar-nov-2024_1705,20.0,G-Raysan,3.0,1143.0,2025-01-12
n-505-home-town-4-chandkheda-sep24_1714,27.0,A-Chandkheda,1.0,774.0,2024-11-13
p-1007-vir-savarkar-heights-1-gota-jul25_1718,27.0,A-Gota,2.0,475.0,2025-07-23
p-123-keshav-park-society-vavol-jun25_1720,140.0,G-Vavol,4.0,1881.0,2025-08-14
plot-200-ambar-sector--21-nov24_1727,1728.0,G-Sector 26,3.0,872.0,2025-05-30
plot-200-ambar-sector--21-rent-nov24_1728,7.62,G-Sectr 22,3.0,872.0,2025-01-30
plot-25-26-shreeji-park-society-adalaj-jan24_1730,300.0,A-Adalaj,3.0,872.0,2025-03-06
plot-26-27-yoginagar-3-dhandhuka-nov24_1731,44.0,A-Sanand,3.0,872.0,2025-05-05
plot-126-sona-exotica-march25_1735,266.0,G-kalol,2.0,495.0,2025-06-22
plot-24-25-moti-shiholi-alampur-dec24_1736,45.0,B-Alamgir,3.0,872.0,2025-06-13
plot-9-apple-greens-gota-oct24_1739,1050.0,A-Gota,3.0,872.0,2025-07-05
q-1001-parishkar-2--khokhra--dec24_1743,65.0,A-Khokhra,2.0,842.0,2025-05-01
q-12-shreenand-nagar-vibhag-3-vejalpur-march25_1744,30.0,A-Vejalpur,1.0,513.0,2025-06-02
"s-12-gokuldham-apartment-vejalpur-dec24,_1753",23.0,A-Vejalpur,1.0,675.0,2025-02-02
"s-3-india-bulls-saraspur-dec24,_1756",15.0,A-Saraspur,3.0,216.0,2025-02-25
s-4-divyabhumi-complex-chankdheda-oct24_1757,75.0,A-Chandkheda,3.0,780.0,2025-05-05
s-7-oxford-tower-gurukul-dec24_1759,150.0,A-Gurukul,3.0,850.0,2025-06-09
sf-205-z-one-bodakdev-feb25_1763,307.0,A-Bodakdev,3.0,1667.0,2025-08-02
shop-101-kedaram-trade-centre-gita-mandir-dec24_1775,76.3,A-Maninagar,3.0,872.0,2025-06-17
shop-2-dev-green-vastral-nov24_1792,52.0,A-Vastral,3.0,872.0,2025-05-09
shop-2-gf-surbhi-building-navrangpura-nov24_1793,360.0,A-Navrangpura,3.0,720.0,2025-05-30
shop-21-shridhar-heights-vastral-jan25_1798,62.0,A-Vastral,3.0,227.0,2025-07-31
3-rajshree-heights-ctm-feb25_1803,58.0,A-Amraiwadi,3.0,235.0,2025-06-22
shop-3-shreeji-tower-gurukul-aug24_1805,90.0,A-Gurukul,3.0,305.0,2025-03-13
shop-3-stavan-parkline-sargasan-oct24_1806,93.0,G-Sargasan,3.0,464.0,2025-05-05
shop-4-kedaram-trade-centre-dec24_1809,135.0,A-Maninagar,3.0,330.0,2025-04-09
shop-6-vardan-tower-naranpura-sep24_1816,90.0,A-Naranpura,3.0,340.0,2025-03-14
gf-7-signature-infinity-gota-jan25_1819,65.0,A-Gota,3.0,872.0,2025-07-02
shop-8-surbhibaug-society-nava-naroda-oct24_1821,110.00000000000001,A-Nava Naroda,3.0,872.0,2025-03-05
shop-9-10-royal-opulance-vaishnodevi-aug24_1823,161.0,A-Vaishnodevi,3.0,722.0,2025-03-01
shop-c-15--salvik-shukan-society-vavol-dec24_1827,42.0,G-Vavol,3.0,359.0,2025-04-16
shop-no-101-giriraj-complex-naranpura-feb25_1830,168.0,A-Naranpura,3.0,872.0,2025-08-18
shop-4-5-amiplaza-complex-bapunagar-feb25_1831,25.0,A-Bapunagar,3.0,470.0,2025-04-12
c-301-the-festival-residency-2-vaishnodevi-circle-oct24_1842,190.0,A-Vaishnodevi,4.0,1953.0,2025-05-05
27-16-kailash-apartment-maninagar-rent-nov24_1843,18.0,A-Maninagar,3.0,1080.0,2025-01-11
ul-10-maruti-tower-satellite-feb25_1845,50.0,A-Satellite,3.0,400.0,2025-08-17
unit-b-115-royal-beach-city-the-goa-feb25_1846,24.0,A-Dholera Sir,3.0,872.0,2025-06-05
v-104-dev-castle-isanpur-oct24_1847,60.0,A-Isanpur,2.0,810.0,2025-01-05
v-402-akruti-township-phase-3-narol-dec24_1849,25.0,A-narol,2.0,675.0,2025-06-13
w-204-sukhdham-residency-soma-talav-march25_1852,47.0,B-Soma Talav,3.0,872.0,2025-07-20
